Designator,Mid X,Mid Y,Layer,Rotation
C1_0,79.1000mm,-73.8005mm,Top,-90
C1_1,120.1000mm,-73.8005mm,Top,-90
C1_2,161.1000mm,-73.8005mm,Top,-90
C1_3,202.1000mm,-73.8005mm,Top,-90
C1_4,243.1000mm,-73.8005mm,Top,-90
C1_5,53.9000mm,-94.2005mm,Top,90
C1_6,94.9000mm,-94.2005mm,Top,90
C1_7,135.9000mm,-94.2005mm,Top,90
C1_8,176.9000mm,-94.2005mm,Top,90
C1_9,217.9000mm,-94.2005mm,Top,90
C2_0,77.0000mm,-73.3005mm,Top,-90
C2_1,118.0000mm,-73.3005mm,Top,-90
C2_2,159.0000mm,-73.3005mm,Top,-90
C2_3,200.0000mm,-73.3005mm,Top,-90
C2_4,241.0000mm,-73.3005mm,Top,-90
C2_5,56.0000mm,-94.7005mm,Top,90
C2_6,97.0000mm,-94.7005mm,Top,90
C2_7,138.0000mm,-94.7005mm,Top,90
C2_8,179.0000mm,-94.7005mm,Top,90
C2_9,220.0000mm,-94.7005mm,Top,90
C3_0,81.9000mm,-72.4005mm,Top,180
C3_1,122.9000mm,-72.4005mm,Top,180
C3_2,163.9000mm,-72.4005mm,Top,180
C3_3,204.9000mm,-72.4005mm,Top,180
C3_4,245.9000mm,-72.4005mm,Top,180
C3_5,51.1000mm,-95.6005mm,Top,0
C3_6,92.1000mm,-95.6005mm,Top,0
C3_7,133.1000mm,-95.6005mm,Top,0
C3_8,174.1000mm,-95.6005mm,Top,0
C3_9,215.1000mm,-95.6005mm,Top,0
C4_0,79.5000mm,-47.4005mm,Top,180
C4_1,120.5000mm,-47.4005mm,Top,180
C4_2,161.5000mm,-47.4005mm,Top,180
C4_3,202.5000mm,-47.4005mm,Top,180
C4_4,243.5000mm,-47.4005mm,Top,180
C4_5,53.5000mm,-120.6005mm,Top,0
C4_6,94.5000mm,-120.6005mm,Top,0
C4_7,135.5000mm,-120.6005mm,Top,0
C4_8,176.5000mm,-120.6005mm,Top,0
C4_9,217.5000mm,-120.6005mm,Top,0
C5_0,79.5000mm,-39.2005mm,Top,180
C5_1,120.5000mm,-39.2005mm,Top,180
C5_2,161.5000mm,-39.2005mm,Top,180
C5_3,202.5000mm,-39.2005mm,Top,180
C5_4,243.5000mm,-39.2005mm,Top,180
C5_5,53.5000mm,-128.8005mm,Top,0
C5_6,94.5000mm,-128.8005mm,Top,0
C5_7,135.5000mm,-128.8005mm,Top,0
C5_8,176.5000mm,-128.8005mm,Top,0
C5_9,217.5000mm,-128.8005mm,Top,0
C6_0,65.9000mm,-35.8005mm,Top,-90
C6_1,106.9000mm,-35.8005mm,Top,-90
C6_2,147.9000mm,-35.8005mm,Top,-90
C6_3,188.9000mm,-35.8005mm,Top,-90
C6_4,229.9000mm,-35.8005mm,Top,-90
C6_5,67.1000mm,-132.2005mm,Top,90
C6_6,108.1000mm,-132.2005mm,Top,90
C6_7,149.1000mm,-132.2005mm,Top,90
C6_8,190.1000mm,-132.2005mm,Top,90
C6_9,231.1000mm,-132.2005mm,Top,90
C7_0,67.3000mm,-58.0005mm,Top,-90
C7_1,108.3000mm,-58.0005mm,Top,-90
C7_2,149.3000mm,-58.0005mm,Top,-90
C7_3,190.3000mm,-58.0005mm,Top,-90
C7_4,231.3000mm,-58.0005mm,Top,-90
C7_5,65.7000mm,-110.0005mm,Top,90
C7_6,106.7000mm,-110.0005mm,Top,90
C7_7,147.7000mm,-110.0005mm,Top,90
C7_8,188.7000mm,-110.0005mm,Top,90
C7_9,229.7000mm,-110.0005mm,Top,90
C8_0,72.9000mm,-58.0005mm,Top,-90
C8_1,113.9000mm,-58.0005mm,Top,-90
C8_2,154.9000mm,-58.0005mm,Top,-90
C8_3,195.9000mm,-58.0005mm,Top,-90
C8_4,236.9000mm,-58.0005mm,Top,-90
C8_5,60.1000mm,-110.0005mm,Top,90
C8_6,101.1000mm,-110.0005mm,Top,90
C8_7,142.1000mm,-110.0005mm,Top,90
C8_8,183.1000mm,-110.0005mm,Top,90
C8_9,224.1000mm,-110.0005mm,Top,90
C9_0,55.1000mm,-41.4005mm,Top,-90
C9_1,96.1000mm,-41.4005mm,Top,-90
C9_2,137.1000mm,-41.4005mm,Top,-90
C9_3,178.1000mm,-41.4005mm,Top,-90
C9_4,219.1000mm,-41.4005mm,Top,-90
C9_5,77.9000mm,-126.6005mm,Top,90
C9_6,118.9000mm,-126.6005mm,Top,90
C9_7,159.9000mm,-126.6005mm,Top,90
C9_8,200.9000mm,-126.6005mm,Top,90
C9_9,241.9000mm,-126.6005mm,Top,90
C10_0,52.5000mm,-38.4005mm,Top,180
C10_1,93.5000mm,-38.4005mm,Top,180
C10_2,134.5000mm,-38.4005mm,Top,180
C10_3,175.5000mm,-38.4005mm,Top,180
C10_4,216.5000mm,-38.4005mm,Top,180
C10_5,80.5000mm,-129.6005mm,Top,0
C10_6,121.5000mm,-129.6005mm,Top,0
C10_7,162.5000mm,-129.6005mm,Top,0
C10_8,203.5000mm,-129.6005mm,Top,0
C10_9,244.5000mm,-129.6005mm,Top,0
C11_0,64.5000mm,-52.9005mm,Top,-90
C11_1,105.5000mm,-52.9005mm,Top,-90
C11_2,146.5000mm,-52.9005mm,Top,-90
C11_3,187.5000mm,-52.9005mm,Top,-90
C11_4,228.5000mm,-52.9005mm,Top,-90
C11_5,68.5000mm,-115.1005mm,Top,90
C11_6,109.5000mm,-115.1005mm,Top,90
C11_7,150.5000mm,-115.1005mm,Top,90
C11_8,191.5000mm,-115.1005mm,Top,90
C11_9,232.5000mm,-115.1005mm,Top,90
C12_0,51.3000mm,-46.7005mm,Top,-90
C12_1,92.3000mm,-46.7005mm,Top,-90
C12_2,133.3000mm,-46.7005mm,Top,-90
C12_3,174.3000mm,-46.7005mm,Top,-90
C12_4,215.3000mm,-46.7005mm,Top,-90
C12_5,81.7000mm,-121.3005mm,Top,90
C12_6,122.7000mm,-121.3005mm,Top,90
C12_7,163.7000mm,-121.3005mm,Top,90
C12_8,204.7000mm,-121.3005mm,Top,90
C12_9,245.7000mm,-121.3005mm,Top,90
D1_0,73.5000mm,-48.6005mm,Top,180
D1_1,114.5000mm,-48.6005mm,Top,180
D1_2,155.5000mm,-48.6005mm,Top,180
D1_3,196.5000mm,-48.6005mm,Top,180
D1_4,237.5000mm,-48.6005mm,Top,180
D1_5,59.5000mm,-119.4005mm,Top,0
D1_6,100.5000mm,-119.4005mm,Top,0
D1_7,141.5000mm,-119.4005mm,Top,0
D1_8,182.5000mm,-119.4005mm,Top,0
D1_9,223.5000mm,-119.4005mm,Top,0
D2_0,73.5000mm,-45.0005mm,Top,180
D2_1,114.5000mm,-45.0005mm,Top,180
D2_2,155.5000mm,-45.0005mm,Top,180
D2_3,196.5000mm,-45.0005mm,Top,180
D2_4,237.5000mm,-45.0005mm,Top,180
D2_5,59.5000mm,-123.0005mm,Top,0
D2_6,100.5000mm,-123.0005mm,Top,0
D2_7,141.5000mm,-123.0005mm,Top,0
D2_8,182.5000mm,-123.0005mm,Top,0
D2_9,223.5000mm,-123.0005mm,Top,0
D3_0,73.3000mm,-43.2005mm,Top,180
D3_1,114.3000mm,-43.2005mm,Top,180
D3_2,155.3000mm,-43.2005mm,Top,180
D3_3,196.3000mm,-43.2005mm,Top,180
D3_4,237.3000mm,-43.2005mm,Top,180
D3_5,59.7000mm,-124.8005mm,Top,0
D3_6,100.7000mm,-124.8005mm,Top,0
D3_7,141.7000mm,-124.8005mm,Top,0
D3_8,182.7000mm,-124.8005mm,Top,0
D3_9,223.7000mm,-124.8005mm,Top,0
D4_0,51.9000mm,-72.1005mm,Top,0
D4_1,92.9000mm,-72.1005mm,Top,0
D4_2,133.9000mm,-72.1005mm,Top,0
D4_3,174.9000mm,-72.1005mm,Top,0
D4_4,215.9000mm,-72.1005mm,Top,0
D4_5,81.1000mm,-95.9005mm,Top,180
D4_6,122.1000mm,-95.9005mm,Top,180
D4_7,163.1000mm,-95.9005mm,Top,180
D4_8,204.1000mm,-95.9005mm,Top,180
D4_9,245.1000mm,-95.9005mm,Top,180
J1_0,50.8500mm,-54.5005mm,Top,-90
J1_1,91.8500mm,-54.5005mm,Top,-90
J1_2,132.8500mm,-54.5005mm,Top,-90
J1_3,173.8500mm,-54.5005mm,Top,-90
J1_4,214.8500mm,-54.5005mm,Top,-90
J1_5,82.1500mm,-113.5005mm,Top,90
J1_6,123.1500mm,-113.5005mm,Top,90
J1_7,164.1500mm,-113.5005mm,Top,90
J1_8,205.1500mm,-113.5005mm,Top,90
J1_9,246.1500mm,-113.5005mm,Top,90
J2_0,79.5000mm,-33.0005mm,Top,0
J2_1,120.5000mm,-33.0005mm,Top,0
J2_2,161.5000mm,-33.0005mm,Top,0
J2_3,202.5000mm,-33.0005mm,Top,0
J2_4,243.5000mm,-33.0005mm,Top,0
J2_5,53.5000mm,-135.0005mm,Top,180
J2_6,94.5000mm,-135.0005mm,Top,180
J2_7,135.5000mm,-135.0005mm,Top,180
J2_8,176.5000mm,-135.0005mm,Top,180
J2_9,217.5000mm,-135.0005mm,Top,180
Q1_0,68.9000mm,-47.2005mm,Top,0
Q1_1,109.9000mm,-47.2005mm,Top,0
Q1_2,150.9000mm,-47.2005mm,Top,0
Q1_3,191.9000mm,-47.2005mm,Top,0
Q1_4,232.9000mm,-47.2005mm,Top,0
Q1_5,64.1000mm,-120.8005mm,Top,180
Q1_6,105.1000mm,-120.8005mm,Top,180
Q1_7,146.1000mm,-120.8005mm,Top,180
Q1_8,187.1000mm,-120.8005mm,Top,180
Q1_9,228.1000mm,-120.8005mm,Top,180
Q2_0,72.7000mm,-33.0005mm,Top,0
Q2_1,113.7000mm,-33.0005mm,Top,0
Q2_2,154.7000mm,-33.0005mm,Top,0
Q2_3,195.7000mm,-33.0005mm,Top,0
Q2_4,236.7000mm,-33.0005mm,Top,0
Q2_5,60.3000mm,-135.0005mm,Top,180
Q2_6,101.3000mm,-135.0005mm,Top,180
Q2_7,142.3000mm,-135.0005mm,Top,180
Q2_8,183.3000mm,-135.0005mm,Top,180
Q2_9,224.3000mm,-135.0005mm,Top,180
R1_0,58.4000mm,-52.6005mm,Top,0
R1_1,99.4000mm,-52.6005mm,Top,0
R1_2,140.4000mm,-52.6005mm,Top,0
R1_3,181.4000mm,-52.6005mm,Top,0
R1_4,222.4000mm,-52.6005mm,Top,0
R1_5,74.6000mm,-115.4005mm,Top,180
R1_6,115.6000mm,-115.4005mm,Top,180
R1_7,156.6000mm,-115.4005mm,Top,180
R1_8,197.6000mm,-115.4005mm,Top,180
R1_9,238.6000mm,-115.4005mm,Top,180
R2_0,58.4000mm,-56.2505mm,Top,0
R2_1,99.4000mm,-56.2505mm,Top,0
R2_2,140.4000mm,-56.2505mm,Top,0
R2_3,181.4000mm,-56.2505mm,Top,0
R2_4,222.4000mm,-56.2505mm,Top,0
R2_5,74.6000mm,-111.7505mm,Top,180
R2_6,115.6000mm,-111.7505mm,Top,180
R2_7,156.6000mm,-111.7505mm,Top,180
R2_8,197.6000mm,-111.7505mm,Top,180
R2_9,238.6000mm,-111.7505mm,Top,180
R3_0,81.9000mm,-73.6005mm,Top,180
R3_1,122.9000mm,-73.6005mm,Top,180
R3_2,163.9000mm,-73.6005mm,Top,180
R3_3,204.9000mm,-73.6005mm,Top,180
R3_4,245.9000mm,-73.6005mm,Top,180
R3_5,51.1000mm,-94.4005mm,Top,0
R3_6,92.1000mm,-94.4005mm,Top,0
R3_7,133.1000mm,-94.4005mm,Top,0
R3_8,174.1000mm,-94.4005mm,Top,0
R3_9,215.1000mm,-94.4005mm,Top,0
R4_0,84.1000mm,-43.6005mm,Top,-90
R4_1,125.1000mm,-43.6005mm,Top,-90
R4_2,166.1000mm,-43.6005mm,Top,-90
R4_3,207.1000mm,-43.6005mm,Top,-90
R4_4,248.1000mm,-43.6005mm,Top,-90
R4_5,48.9000mm,-124.4005mm,Top,90
R4_6,89.9000mm,-124.4005mm,Top,90
R4_7,130.9000mm,-124.4005mm,Top,90
R4_8,171.9000mm,-124.4005mm,Top,90
R4_9,212.9000mm,-124.4005mm,Top,90
R5_0,70.4000mm,-45.0005mm,Top,180
R5_1,111.4000mm,-45.0005mm,Top,180
R5_2,152.4000mm,-45.0005mm,Top,180
R5_3,193.4000mm,-45.0005mm,Top,180
R5_4,234.4000mm,-45.0005mm,Top,180
R5_5,62.6000mm,-123.0005mm,Top,0
R5_6,103.6000mm,-123.0005mm,Top,0
R5_7,144.6000mm,-123.0005mm,Top,0
R5_8,185.6000mm,-123.0005mm,Top,0
R5_9,226.6000mm,-123.0005mm,Top,0
R6_0,70.4000mm,-43.2005mm,Top,180
R6_1,111.4000mm,-43.2005mm,Top,180
R6_2,152.4000mm,-43.2005mm,Top,180
R6_3,193.4000mm,-43.2005mm,Top,180
R6_4,234.4000mm,-43.2005mm,Top,180
R6_5,62.6000mm,-124.8005mm,Top,0
R6_6,103.6000mm,-124.8005mm,Top,0
R6_7,144.6000mm,-124.8005mm,Top,0
R6_8,185.6000mm,-124.8005mm,Top,0
R6_9,226.6000mm,-124.8005mm,Top,0
R7_0,69.1000mm,-49.8005mm,Top,180
R7_1,110.1000mm,-49.8005mm,Top,180
R7_2,151.1000mm,-49.8005mm,Top,180
R7_3,192.1000mm,-49.8005mm,Top,180
R7_4,233.1000mm,-49.8005mm,Top,180
R7_5,63.9000mm,-118.2005mm,Top,0
R7_6,104.9000mm,-118.2005mm,Top,0
R7_7,145.9000mm,-118.2005mm,Top,0
R7_8,186.9000mm,-118.2005mm,Top,0
R7_9,227.9000mm,-118.2005mm,Top,0
R8_0,68.5000mm,-36.4005mm,Top,180
R8_1,109.5000mm,-36.4005mm,Top,180
R8_2,150.5000mm,-36.4005mm,Top,180
R8_3,191.5000mm,-36.4005mm,Top,180
R8_4,232.5000mm,-36.4005mm,Top,180
R8_5,64.5000mm,-131.6005mm,Top,0
R8_6,105.5000mm,-131.6005mm,Top,0
R8_7,146.5000mm,-131.6005mm,Top,0
R8_8,187.5000mm,-131.6005mm,Top,0
R8_9,228.5000mm,-131.6005mm,Top,0
R9_0,68.5000mm,-30.2005mm,Top,180
R9_1,109.5000mm,-30.2005mm,Top,180
R9_2,150.5000mm,-30.2005mm,Top,180
R9_3,191.5000mm,-30.2005mm,Top,180
R9_4,232.5000mm,-30.2005mm,Top,180
R9_5,64.5000mm,-137.8005mm,Top,0
R9_6,105.5000mm,-137.8005mm,Top,0
R9_7,146.5000mm,-137.8005mm,Top,0
R9_8,187.5000mm,-137.8005mm,Top,0
R9_9,228.5000mm,-137.8005mm,Top,0
R10_0,49.9000mm,-41.4005mm,Top,-90
R10_1,90.9000mm,-41.4005mm,Top,-90
R10_2,131.9000mm,-41.4005mm,Top,-90
R10_3,172.9000mm,-41.4005mm,Top,-90
R10_4,213.9000mm,-41.4005mm,Top,-90
R10_5,83.1000mm,-126.6005mm,Top,90
R10_6,124.1000mm,-126.6005mm,Top,90
R10_7,165.1000mm,-126.6005mm,Top,90
R10_8,206.1000mm,-126.6005mm,Top,90
R10_9,247.1000mm,-126.6005mm,Top,90
R11_0,61.5200mm,-37.4005mm,Top,-90
R11_1,102.5200mm,-37.4005mm,Top,-90
R11_2,143.5200mm,-37.4005mm,Top,-90
R11_3,184.5200mm,-37.4005mm,Top,-90
R11_4,225.5200mm,-37.4005mm,Top,-90
R11_5,71.4800mm,-130.6005mm,Top,90
R11_6,112.4800mm,-130.6005mm,Top,90
R11_7,153.4800mm,-130.6005mm,Top,90
R11_8,194.4800mm,-130.6005mm,Top,90
R11_9,235.4800mm,-130.6005mm,Top,90
R12_0,58.9800mm,-37.4005mm,Top,-90
R12_1,99.9800mm,-37.4005mm,Top,-90
R12_2,140.9800mm,-37.4005mm,Top,-90
R12_3,181.9800mm,-37.4005mm,Top,-90
R12_4,222.9800mm,-37.4005mm,Top,-90
R12_5,74.0200mm,-130.6005mm,Top,90
R12_6,115.0200mm,-130.6005mm,Top,90
R12_7,156.0200mm,-130.6005mm,Top,90
R12_8,197.0200mm,-130.6005mm,Top,90
R12_9,238.0200mm,-130.6005mm,Top,90
R13_0,56.4400mm,-37.4005mm,Top,-90
R13_1,97.4400mm,-37.4005mm,Top,-90
R13_2,138.4400mm,-37.4005mm,Top,-90
R13_3,179.4400mm,-37.4005mm,Top,-90
R13_4,220.4400mm,-37.4005mm,Top,-90
R13_5,76.5600mm,-130.6005mm,Top,90
R13_6,117.5600mm,-130.6005mm,Top,90
R13_7,158.5600mm,-130.6005mm,Top,90
R13_8,199.5600mm,-130.6005mm,Top,90
R13_9,240.5600mm,-130.6005mm,Top,90
R14_0,48.9000mm,-46.7005mm,Top,-90
R14_1,89.9000mm,-46.7005mm,Top,-90
R14_2,130.9000mm,-46.7005mm,Top,-90
R14_3,171.9000mm,-46.7005mm,Top,-90
R14_4,212.9000mm,-46.7005mm,Top,-90
R14_5,84.1000mm,-121.3005mm,Top,90
R14_6,125.1000mm,-121.3005mm,Top,90
R14_7,166.1000mm,-121.3005mm,Top,90
R14_8,207.1000mm,-121.3005mm,Top,90
R14_9,248.1000mm,-121.3005mm,Top,90
R15_0,50.1000mm,-46.7005mm,Top,-90
R15_1,91.1000mm,-46.7005mm,Top,-90
R15_2,132.1000mm,-46.7005mm,Top,-90
R15_3,173.1000mm,-46.7005mm,Top,-90
R15_4,214.1000mm,-46.7005mm,Top,-90
R15_5,82.9000mm,-121.3005mm,Top,90
R15_6,123.9000mm,-121.3005mm,Top,90
R15_7,164.9000mm,-121.3005mm,Top,90
R15_8,205.9000mm,-121.3005mm,Top,90
R15_9,246.9000mm,-121.3005mm,Top,90
R16_0,66.9000mm,-52.9005mm,Top,-90
R16_1,107.9000mm,-52.9005mm,Top,-90
R16_2,148.9000mm,-52.9005mm,Top,-90
R16_3,189.9000mm,-52.9005mm,Top,-90
R16_4,230.9000mm,-52.9005mm,Top,-90
R16_5,66.1000mm,-115.1005mm,Top,90
R16_6,107.1000mm,-115.1005mm,Top,90
R16_7,148.1000mm,-115.1005mm,Top,90
R16_8,189.1000mm,-115.1005mm,Top,90
R16_9,230.1000mm,-115.1005mm,Top,90
R17_0,65.7000mm,-52.9005mm,Top,-90
R17_1,106.7000mm,-52.9005mm,Top,-90
R17_2,147.7000mm,-52.9005mm,Top,-90
R17_3,188.7000mm,-52.9005mm,Top,-90
R17_4,229.7000mm,-52.9005mm,Top,-90
R17_5,67.3000mm,-115.1005mm,Top,90
R17_6,108.3000mm,-115.1005mm,Top,90
R17_7,149.3000mm,-115.1005mm,Top,90
R17_8,190.3000mm,-115.1005mm,Top,90
R17_9,231.3000mm,-115.1005mm,Top,90
R18_0,60.9000mm,-60.1005mm,Top,180
R18_1,101.9000mm,-60.1005mm,Top,180
R18_2,142.9000mm,-60.1005mm,Top,180
R18_3,183.9000mm,-60.1005mm,Top,180
R18_4,224.9000mm,-60.1005mm,Top,180
R18_5,72.1000mm,-107.9005mm,Top,0
R18_6,113.1000mm,-107.9005mm,Top,0
R18_7,154.1000mm,-107.9005mm,Top,0
R18_8,195.1000mm,-107.9005mm,Top,0
R18_9,236.1000mm,-107.9005mm,Top,0
R19_0,60.9000mm,-59.0005mm,Top,180
R19_1,101.9000mm,-59.0005mm,Top,180
R19_2,142.9000mm,-59.0005mm,Top,180
R19_3,183.9000mm,-59.0005mm,Top,180
R19_4,224.9000mm,-59.0005mm,Top,180
R19_5,72.1000mm,-109.0005mm,Top,0
R19_6,113.1000mm,-109.0005mm,Top,0
R19_7,154.1000mm,-109.0005mm,Top,0
R19_8,195.1000mm,-109.0005mm,Top,0
R19_9,236.1000mm,-109.0005mm,Top,0
R20_0,54.5000mm,-72.1005mm,Top,180
R20_1,95.5000mm,-72.1005mm,Top,180
R20_2,136.5000mm,-72.1005mm,Top,180
R20_3,177.5000mm,-72.1005mm,Top,180
R20_4,218.5000mm,-72.1005mm,Top,180
R20_5,78.5000mm,-95.9005mm,Top,0
R20_6,119.5000mm,-95.9005mm,Top,0
R20_7,160.5000mm,-95.9005mm,Top,0
R20_8,201.5000mm,-95.9005mm,Top,0
R20_9,242.5000mm,-95.9005mm,Top,0
R21_0,77.9000mm,-65.8005mm,Top,-90
R21_1,118.9000mm,-65.8005mm,Top,-90
R21_2,159.9000mm,-65.8005mm,Top,-90
R21_3,200.9000mm,-65.8005mm,Top,-90
R21_4,241.9000mm,-65.8005mm,Top,-90
R21_5,55.1000mm,-102.2005mm,Top,90
R21_6,96.1000mm,-102.2005mm,Top,90
R21_7,137.1000mm,-102.2005mm,Top,90
R21_8,178.1000mm,-102.2005mm,Top,90
R21_9,219.1000mm,-102.2005mm,Top,90
R22_0,55.7000mm,-70.1005mm,Top,-90
R22_1,96.7000mm,-70.1005mm,Top,-90
R22_2,137.7000mm,-70.1005mm,Top,-90
R22_3,178.7000mm,-70.1005mm,Top,-90
R22_4,219.7000mm,-70.1005mm,Top,-90
R22_5,77.3000mm,-97.9005mm,Top,90
R22_6,118.3000mm,-97.9005mm,Top,90
R22_7,159.3000mm,-97.9005mm,Top,90
R22_8,200.3000mm,-97.9005mm,Top,90
R22_9,241.3000mm,-97.9005mm,Top,90
SW1_0,83.1000mm,-53.5005mm,Top,90
SW1_1,124.1000mm,-53.5005mm,Top,90
SW1_2,165.1000mm,-53.5005mm,Top,90
SW1_3,206.1000mm,-53.5005mm,Top,90
SW1_4,247.1000mm,-53.5005mm,Top,90
SW1_5,49.9000mm,-114.5005mm,Top,-90
SW1_6,90.9000mm,-114.5005mm,Top,-90
SW1_7,131.9000mm,-114.5005mm,Top,-90
SW1_8,172.9000mm,-114.5005mm,Top,-90
SW1_9,213.9000mm,-114.5005mm,Top,-90
SW2_0,50.9000mm,-65.6005mm,Top,-90
SW2_1,91.9000mm,-65.6005mm,Top,-90
SW2_2,132.9000mm,-65.6005mm,Top,-90
SW2_3,173.9000mm,-65.6005mm,Top,-90
SW2_4,214.9000mm,-65.6005mm,Top,-90
SW2_5,82.1000mm,-102.4005mm,Top,90
SW2_6,123.1000mm,-102.4005mm,Top,90
SW2_7,164.1000mm,-102.4005mm,Top,90
SW2_8,205.1000mm,-102.4005mm,Top,90
SW2_9,246.1000mm,-102.4005mm,Top,90
SW3_0,82.1000mm,-65.9005mm,Top,-90
SW3_1,123.1000mm,-65.9005mm,Top,-90
SW3_2,164.1000mm,-65.9005mm,Top,-90
SW3_3,205.1000mm,-65.9005mm,Top,-90
SW3_4,246.1000mm,-65.9005mm,Top,-90
SW3_5,50.9000mm,-102.1005mm,Top,90
SW3_6,91.9000mm,-102.1005mm,Top,90
SW3_7,132.9000mm,-102.1005mm,Top,90
SW3_8,173.9000mm,-102.1005mm,Top,90
SW3_9,214.9000mm,-102.1005mm,Top,90
U1_0,66.5000mm,-68.8005mm,Top,180
U1_1,107.5000mm,-68.8005mm,Top,180
U1_2,148.5000mm,-68.8005mm,Top,180
U1_3,189.5000mm,-68.8005mm,Top,180
U1_4,230.5000mm,-68.8005mm,Top,180
U1_5,66.5000mm,-99.2005mm,Top,0
U1_6,107.5000mm,-99.2005mm,Top,0
U1_7,148.5000mm,-99.2005mm,Top,0
U1_8,189.5000mm,-99.2005mm,Top,0
U1_9,230.5000mm,-99.2005mm,Top,0
U2_0,78.9000mm,-43.0005mm,Top,90
U2_1,119.9000mm,-43.0005mm,Top,90
U2_2,160.9000mm,-43.0005mm,Top,90
U2_3,201.9000mm,-43.0005mm,Top,90
U2_4,242.9000mm,-43.0005mm,Top,90
U2_5,54.1000mm,-125.0005mm,Top,270
U2_6,95.1000mm,-125.0005mm,Top,270
U2_7,136.1000mm,-125.0005mm,Top,270
U2_8,177.1000mm,-125.0005mm,Top,270
U2_9,218.1000mm,-125.0005mm,Top,270
U3_0,68.5000mm,-33.0005mm,Top,0
U3_1,109.5000mm,-33.0005mm,Top,0
U3_2,150.5000mm,-33.0005mm,Top,0
U3_3,191.5000mm,-33.0005mm,Top,0
U3_4,232.5000mm,-33.0005mm,Top,0
U3_5,64.5000mm,-135.0005mm,Top,180
U3_6,105.5000mm,-135.0005mm,Top,180
U3_7,146.5000mm,-135.0005mm,Top,180
U3_8,187.5000mm,-135.0005mm,Top,180
U3_9,228.5000mm,-135.0005mm,Top,180
U4_0,70.1000mm,-58.0005mm,Top,0
U4_1,111.1000mm,-58.0005mm,Top,0
U4_2,152.1000mm,-58.0005mm,Top,0
U4_3,193.1000mm,-58.0005mm,Top,0
U4_4,234.1000mm,-58.0005mm,Top,0
U4_5,62.9000mm,-110.0005mm,Top,180
U4_6,103.9000mm,-110.0005mm,Top,180
U4_7,144.9000mm,-110.0005mm,Top,180
U4_8,185.9000mm,-110.0005mm,Top,180
U4_9,226.9000mm,-110.0005mm,Top,180
U5_0,52.5000mm,-41.4005mm,Top,0
U5_1,93.5000mm,-41.4005mm,Top,0
U5_2,134.5000mm,-41.4005mm,Top,0
U5_3,175.5000mm,-41.4005mm,Top,0
U5_4,216.5000mm,-41.4005mm,Top,0
U5_5,80.5000mm,-126.6005mm,Top,180
U5_6,121.5000mm,-126.6005mm,Top,180
U5_7,162.5000mm,-126.6005mm,Top,180
U5_8,203.5000mm,-126.6005mm,Top,180
U5_9,244.5000mm,-126.6005mm,Top,180
U6_0,61.5000mm,-55.6005mm,Top,180
U6_1,102.5000mm,-55.6005mm,Top,180
U6_2,143.5000mm,-55.6005mm,Top,180
U6_3,184.5000mm,-55.6005mm,Top,180
U6_4,225.5000mm,-55.6005mm,Top,180
U6_5,71.5000mm,-112.4005mm,Top,0
U6_6,112.5000mm,-112.4005mm,Top,0
U6_7,153.5000mm,-112.4005mm,Top,0
U6_8,194.5000mm,-112.4005mm,Top,0
U6_9,235.5000mm,-112.4005mm,Top,0
