Comment,Designator,Footprint,LCSC Part #
22uF,C1,C_0805_2012Metric,C45783
100nF,"C2,C6,C11,C12",C_0402_1005Metric,C1525
1uF,"C3,C9",C_0402_1005Metric,C52923
10uF,"C4,C5,C7,C8,C10",C_0603_1608Metric,C19702
B5819W,D1,D_SOD-123,C8598
red,D2,LED_0603_1608Metric,C2286
green,D3,LED_0805_2012Metric,C2297
yellow,D4,LED_0603_1608Metric,C89811
USB-C,J1,USB_C_Receptacle_HRO_TYPE-C-31-M-12,C165948
AKKU,J2,JST_PH_S2B-PH-SM4-TB_1x02-1MP_P2.00mm_Horizontal,C295747
AO3401A,Q1,SOT-23,C15127
HJ8205,Q2,SOT-23-6,C20069150
5.1k,"R1,R2",R_0402_1005Metric,C25905
10k,"R3,R21,R22",R_0402_1005Metric,C25744
3.3k,R4,R_0402_1005Metric,C25890
100,"R8,R11,R12,R13",R_0402_1005Metric,C25076
100k,"R7,R10,R14,R15,R16,R17,R18,R19",R_0402_1005Metric,C25741
1k,"R5,R6,R9,R20",R_0402_1005Metric,C11702
EIN/AUS,SW1,SW_SPDT_MSK12C02,C431540
RESET,SW2,SW_Push_1P1T_XKB_TS-1187A,C318884
BOOT,SW3,SW_Push_1P1T_XKB_TS-1187A,C318884
ESP32-C3-WROOM-02-N4,U1,ESP32-C3-WROOM-02_JLC,C2934560
TP4056,U2,SOIC-8-1EP_3.9x4.9mm_P1.27mm_EP2.41x3.3mm,C16581
DW01A,U3,SOT-23-6,C351410
ME6211C33M5G-N,"U4,U5",SOT-23-5,C82942
SRV05-4,U6,SOT-23-6,C85364
